market,funnel_name,normalized_key,funnel_status,tested,adspend_names,adspend_rows,first_adspend_date,last_adspend_date,perf_tab,winner_loser,shopify_title
FI,Arterio,arterio,Launched,YES,Arterio FI,18,2026-09-10,2026-09-27,Arterio FI,WINNER,
FI,atriso,atriso,Launched,YES,Atriso FI,2,2026-08-06,2026-08-07,,LOSER,
FI,Calora,calora,Launched,YES,Calora FI,1,2026-06-19,2026-06-19,,LOSER,
FI,Cervi,cervi,Launched,YES,Cervi FI,1,2026-09-04,2026-09-04,,LOSER,
FI,cholina,cholina,Launched,YES,Cholina FI,1,2026-06-04,2026-06-04,,LOSER,
FI,circula,circula,Launched,YES,Circula FI,3,2026-06-03,2026-06-05,Circula,WINNER,
FI,Circuva,circuva,Launched,YES,Circuva FI,1,2026-09-16,2026-09-16,,LOSER,
FI,ClarityX,clarityx,Launched,YES,ClarityX FI,2,2026-09-20,2026-09-21,,LOSER,
FI,Cleaso,cleaso,(empty),no,,0,,,,,
FI,Collaga,collaga,Launched,YES,Collaga FI,1,2026-06-09,2026-06-09,,LOSER,
FI,cortisa,cortisa,Launched,YES,,0,,,,LOSER,
FI,cortisa2,cortisa2,Launched,YES,cortisa2 FI,1,2026-09-18,2026-09-18,,LOSER,
FI,damaxel,damaxel,Launched,YES,Damaxel FI,1,2026-08-16,2026-08-16,,LOSER,
FI,Dentasa,dentasa,Launched,YES,,0,,,,LOSER,
FI,DermaFlex,dermaflex,Launched,YES,DermaFlex FI | Dermaflex FI,2,2026-05-27,2026-08-29,,LOSER,
FI,dermaflex2,dermaflex2,Launched,YES,,0,,,,LOSER,
FI,Dermalta,dermalta,Launched,YES,Dermalta FI,1,2026-06-18,2026-06-18,,LOSER,
FI,Dizzora,dizzora,Launched,YES,Dizzora FI - relaunch,1,2026-07-05,2026-07-05,,LOSER,
FI,Elora,elora,Launched,YES,Elora FI,1,2026-09-20,2026-09-20,,LOSER,
FI,Erelso,erelso,Launched,YES,Erelso FI,4,2026-07-26,2026-07-29,,LOSER,
FI,Erocto,erocto,Launched,YES,Erocto FI,3,2026-06-21,2026-06-23,,LOSER,
FI,FeliZen,felizen,Launched,YES,FeliZen,1,2026-08-30,2026-08-30,,LOSER,
FI,Fibaxo,fibaxo,Launched,YES,Fibaxo FI | Fibaxo FI 2.0,2,2026-08-08,2026-08-09,,LOSER,
FI,Firmify,firmify,Launched,YES,Firmify FI,1,2026-09-25,2026-09-25,,LOSER,
FI,Firmora,firmora,Launched,YES,Firmora™ FI,1,2026-09-02,2026-09-02,,LOSER,
FI,fitax,fitax,Launched,YES,Fitax FI,1,2026-09-24,2026-09-24,,LOSER,
FI,Fixodant,fixodant,Launched,YES,Fixodant FI,1,2026-08-28,2026-08-28,,LOSER,
FI,Flexura,flexura,Launched,YES,Flexura FI,6,2026-09-22,2026-09-27,Flexura FI,WINNER,
FI,Florina,florina,Launched,YES,,0,,,,LOSER,
FI,fodax,fodax,Launched,YES,fodax FI,1,2026-08-25,2026-08-25,,LOSER,
FI,Formala,formala,Launched,YES,Formala FI,1,2026-06-11,2026-06-11,,LOSER,
FI,Gastrox,gastrox,Launched,YES,Gastrox FI 2.0,4,2026-09-09,2026-09-12,Gastrox FI 2.0,WINNER,
FI,Glowila,glowila,Launched,YES,Glowila FI,1,2026-07-01,2026-07-01,,LOSER,
FI,Glowina Oil,glowinaoil,Launched,YES,Glowina Oil FI,1,2026-06-06,2026-06-06,,LOSER,
FI,GoHydro,gohydro,Launched,YES,GoHydro FI,2,2026-06-26,2026-06-27,,LOSER,
FI,hardono,hardono,Launched,YES,Hardono FI,1,2026-06-09,2026-06-09,,LOSER,
FI,healara,healara,Launched,YES,Healara FI,16,2026-06-21,2026-07-06,,LOSER,
FI,HealRevive,healrevive,Launched,YES,HealRevive FI,1,2026-08-15,2026-08-15,,LOSER,
FI,hormbalance,hormbalance,Launched,YES,Hormbalance FI,1,2026-05-24,2026-05-24,,LOSER,
FI,Hylon,hylon,Launched,YES,Hylon FI - 2.0,9,2026-07-02,2026-07-10,,LOSER,
FI,Hylon2,hylon2,Launched,YES,Hylon2 FI,3,2026-08-23,2026-08-25,,LOSER,
FI,intifa,intifa,Launched,YES,intifa FI,1,2026-09-27,2026-09-27,,LOSER,
FI,IntimaFit,intimafit,Launched,YES,,0,,,,LOSER,
FI,itzora,itzora,Launched,YES,itzora FI - 2.,2,2026-07-28,2026-07-29,,LOSER,
FI,JointCalm,jointcalm,Launched,YES,JointCalm FI,1,2026-08-14,2026-08-14,,LOSER,
FI,Laxora,laxora,Launched,YES,Laxora FI,1,2026-09-20,2026-09-20,,LOSER,
FI,liftala,liftala,Launched,YES,Liftala FI | Liftala FI – relaunch,16,2026-05-24,2026-06-09,Liftala,WINNER,
FI,liftala2,liftala2,Launched,YES,Liftala2 FI,1,2026-08-23,2026-08-23,,LOSER,
FI,Litava,litava,Launched,YES,Litava FI,1,2026-06-07,2026-06-07,,LOSER,
FI,lumifirm,lumifirm,Launched,YES,Lumifirm FI,3,2026-09-03,2026-09-05,,LOSER,
FI,Lungaso,lungaso,Launched,YES,Lungaso FI,4,2026-06-18,2026-06-21,,LOSER,
FI,lutiva,lutiva,Launched,YES,,0,,,,LOSER,
FI,Luvida,luvida,Launched,YES,Luvida FI,2,2026-09-23,2026-09-24,,LOSER,
FI,Lympha,lympha,(empty),no,,0,,,,,
FI,mamax,mamax,Ready to launch,no,,0,,,,,
FI,Mobilixa,mobilixa,Launched,YES,Mobilixa FI,15,2026-05-31,2026-06-14,Mobilixa,WINNER,
FI,nailperf,nailperf,Launched,YES,Nailperf FI,1,2026-05-30,2026-05-30,,LOSER,
FI,Nervana,nervana,Launched,YES,Nervana FI,1,2026-09-13,2026-09-13,,LOSER,
FI,Nervora,nervora,Launched,YES,Nervora FI,32,2026-08-27,2026-09-27,Nervora FI,WINNER,
FI,Nervura,nervura,Launched,YES,Nervura FI,1,2026-09-13,2026-09-13,,LOSER,
FI,Neurance,neurance,Launched,YES,Neurance FI | Neurance FI - 2.0,6,2026-06-24,2026-06-28,,LOSER,
FI,Neurox,neurox,Launched,YES,Neurox FI,4,2026-09-13,2026-09-16,,LOSER,
FI,Nicovo,nicovo,Launched,YES,Nicovo,1,2026-06-21,2026-06-21,,LOSER,
FI,nicozina,nicozina,Launched,YES,Nicozina FI,1,2026-06-16,2026-06-16,,LOSER,
FI,Noella,noella,Launched,YES,Noella FI,1,2026-06-12,2026-06-12,,LOSER,
FI,Noraso,noraso,Launched,YES,Noraso FI,1,2026-08-18,2026-08-18,,LOSER,
FI,Noreux,noreux,Launched,YES,Noreux FI,1,2026-08-22,2026-08-22,,LOSER,
FI,Nosita,nosita,Launched,YES,Nosita FI,1,2026-06-10,2026-06-10,,LOSER,
FI,Optila,optila,Launched,YES,Optila FI,7,2026-06-10,2026-06-16,Optila,WINNER,
FI,Orident™,orident,Launched,YES,Orident™ FI,1,2026-08-13,2026-08-13,,LOSER,
FI,Orivelle,orivelle,(empty),no,,0,,,,,
FI,Orthix,orthix,Launched,YES,Orthix FI,1,2026-08-09,2026-08-09,,LOSER,
FI,oxona,oxona,Launched,YES,oxona FI,1,2026-07-09,2026-07-09,,LOSER,
FI,ozempa / Ozempa,ozempa,Launched,YES,Ozempa™ FI - relaunch | Ozempa™ FI - relaunch - 2.0 | ozempa FI,30,2026-06-07,2026-07-06,Ozempa,WINNER,
FI,pawcol,pawcol,Launched,YES,pawcol™ FI,1,2026-07-11,2026-07-11,,LOSER,
FI,pawox,pawox,Re-launch,YES,Pawox FI | Pawox SLS FI | pawox FI 2.0,23,2026-08-16,2026-09-16,pawox FI 2.0,WINNER,
FI,Probita,probita,Launched,YES,Probita FI,1,2026-06-14,2026-06-14,,LOSER,
FI,profix,profix,Launched,YES,Profix FI | Profix FI - relaunch,2,2026-05-28,2026-05-29,,LOSER,
FI,Puffala,puffala,Launched,YES,Puffala FI,1,2026-05-21,2026-05-21,,LOSER,
FI,Refrair,refrair,Launched,YES,Refrair FI,1,2026-05-28,2026-05-28,,LOSER,
FI,resigo,resigo,Launched,YES,Resigo FI,1,2026-07-05,2026-07-05,,LOSER,
FI,resigo2,resigo2,Launched,YES,Resigo2 FI,1,2026-08-23,2026-08-23,,LOSER,
FI,Serenityx,serenityx,Launched,YES,Serenityx FI,1,2026-09-11,2026-09-11,,LOSER,
FI,Sileva,sileva,Launched,YES,Sileva FI,3,2026-06-14,2026-06-16,,LOSER,
FI,skinlifa,skinlifa,Launched,YES,Skinlifa FI,1,2026-06-02,2026-06-02,,LOSER,
FI,skinosa,skinosa,Launched,YES,,0,,,,LOSER,
FI,skinsa,skinsa,Launched,YES,,0,,,,LOSER,
FI,smokola / Smokola,smokola,Launched,YES,Smokola FI,1,2026-08-07,2026-08-07,,LOSER,
FI,Sonix,sonix,Launched,YES,Sonix FI,1,2026-09-12,2026-09-12,,LOSER,
FI,TanLux,tanlux,Launched,YES,TanLux FI,1,2026-05-23,2026-05-23,,LOSER,
FI,tinnoxa,tinnoxa,Launched,YES,tinnoxa FI,1,2026-06-07,2026-06-07,,LOSER,
FI,vanix,vanix,Launched,YES,Vanix FI | Vanix FI 2.0 | Vanix FI 3.0,8,2026-07-15,2026-07-29,,LOSER,
FI,Vatyla,vatyla,Launched,YES,Vatyla™ FI,1,2026-07-10,2026-07-10,,LOSER,
FI,Velmora™,velmora,Launched,YES,Velmora™ FI | Velmora™ FI 2.0,2,2026-08-12,2026-08-13,,LOSER,
FI,VenaFit,venafit,Launched,YES,VenaFit FI,1,2026-09-19,2026-09-19,,LOSER,
FI,VenoSmooth,venosmooth,Launched,YES,VenoSmooth,1,2026-08-30,2026-08-30,,LOSER,
FI,Vera,vera,Launched,YES,Vera FI,1,2026-08-16,2026-08-16,,LOSER,
FI,Vigora,vigora,Launched,YES,Vigora FI,1,2026-09-19,2026-09-19,,LOSER,
FI,ViroFlow,viroflow,Launched,YES,ViroFlow FI 2.0,20,2026-09-08,2026-09-27,ViroFlow FI 2.0,WINNER,
FI,Visiora,visiora,Launched,YES,Visiora FI,1,2026-05-27,2026-05-27,,LOSER,
FI,VitaSlim,vitaslim,Launched,YES,VitaSlim FI,1,2026-08-11,2026-08-11,,LOSER,
